ImageFile,Section,Song,Shazams,Previous,Last Update
me.jpg,ME,FLOWER,1255487,,11/05/2026
eyesclosed.jpg,Others,EYES CLOSED (WITH ZAYN),313558,,11/05/2026
me.jpg,ME,All Eyes On Me,126436,,11/05/2026
amortage.jpg,AMORTAGE,earthquake,229759,,11/05/2026
amortage.jpg,AMORTAGE,Your Love,83126,,11/05/2026
amortage.jpg,AMORTAGE,Hugs & Kisses,27856,1808405,11/05/2026
amortage.jpg,AMORTAGE,TEARS,21362,1076276,11/05/2026
,,,,,
,,,,,
,,,,,
,,,,,
,,,,,
,,,,,
,,,,,
,,,,,
,,,,,
,,,,,
,,,,,
,,,,,
,,,,,
,,,,,
,,,,,
,,,,,
,,,,,
,,,,,
,,,,,
,,,,,07/03/2026
,,,,,07/03/2026
,,,,,07/03/2026
,,,,,07/03/2026
,,,,,07/03/2026
,,,,,07/03/2026
,,,,,07/03/2026
,,,,,07/03/2026
,,,,,07/03/2026
,,,,,07/03/2026
,,,,,07/03/2026
,,,,,07/03/2026
,,,,,07/03/2026